{
  "bullying_f1": 0.9242515119472333,
  "toxicity_f1": 0.9237829142324951,
  "epoch": 6
}