{
  "bullying_f1": 0.9267425786806784,
  "toxicity_f1": 0.9265885219605046,
  "epoch": 4
}