{
  "test_bullying_f1": 0.8207013878965201,
  "test_toxicity_f1": 0.820588916370167,
  "best_val_f1": 0.9242515119472333
}