{
  "test_bullying_f1": 0.8191669650316267,
  "test_toxicity_f1": 0.8182035119619464,
  "best_val_f1": 0.9267425786806784
}